experiment,model_label,method,condition,check,k,n_queries,mean_actual_k,mean_delta_g,delta_g_ci_low,delta_g_ci_high,mean_abs_g_gap,abs_g_gap_ci_low,abs_g_gap_ci_high,flip_rate,flip_rate_ci_low,flip_rate_ci_high,sign_preservation_rate,sign_preservation_ci_low,sign_preservation_ci_high
duot5,DuoT5,loo_pairwise,explanation,deletion,1,150,1.0,3.38862938841184,2.6754927320231996,4.140486517682671,3.38862938841184,2.677856396317482,4.118046715791027,0.14,0.08666666666666667,0.2,0.86,0.8,0.9133333333333333
duot5,DuoT5,loo_pairwise,explanation,deletion,3,150,3.0,6.1092105358839035,5.115891714761655,7.141117672349016,6.1092105358839035,5.148024964774648,7.106432855665684,0.24,0.17333333333333334,0.31333333333333335,0.76,0.6933333333333334,0.8201666666666665
duot5,DuoT5,loo_pairwise,explanation,deletion,5,150,5.0,7.407785223325093,6.413879835049311,8.511582981054982,7.407785223325093,6.36804940066735,8.520799364780387,0.3,0.23333333333333334,0.37333333333333335,0.7,0.6266666666666667,0.7666666666666667
duot5,DuoT5,loo_pairwise,explanation,deletion,10,150,10.0,9.9275441172719,8.746694742729266,11.111544447625677,9.9275441172719,8.65927724796037,11.176010471137861,0.42,0.34,0.5,0.58,0.5066666666666667,0.66
duot5,DuoT5,loo_pairwise,explanation,deletion,20,150,20.0,12.702840315500895,11.43852335096399,13.973005457187691,12.702840315500895,11.481563279241323,13.94473940085868,0.56,0.48,0.6466666666666666,0.44,0.36,0.5133333333333333
duot5,DuoT5,loo_pairwise,random,deletion,1,150,1.0,0.1870625112851461,0.14626308302879332,0.23069996899565057,0.1870625112851461,0.14865601961016658,0.23572431473036612,0.008,0.0013333333333333335,0.01933333333333333,0.9920000000000001,0.9813333333333335,0.9986666666666667
duot5,DuoT5,loo_pairwise,random,deletion,3,150,3.0,0.5253008167942365,0.43524008695880567,0.6227907660206158,0.5253686192234358,0.43752655028055104,0.6212719060430923,0.02,0.008,0.03668333333333332,0.98,0.9620000000000001,0.9933333333333333
duot5,DuoT5,loo_pairwise,random,deletion,5,150,5.0,1.0315915831724802,0.8632775633533795,1.2095649947231015,1.0322462424437204,0.8549697984457015,1.2064956943174203,0.03933333333333333,0.01931666666666667,0.06333333333333334,0.9606666666666667,0.9386666666666668,0.98
duot5,DuoT5,loo_pairwise,random,deletion,10,150,10.0,2.024698427528143,1.7378047520272435,2.3221444237314164,2.024698427528143,1.758039565575371,2.3073838436146574,0.07133333333333333,0.044,0.10133333333333333,0.9286666666666668,0.8993333333333333,0.95535
duot5,DuoT5,loo_pairwise,random,deletion,20,150,20.0,4.7728393015364805,4.256396749738603,5.3551371480268735,4.7734192943076295,4.277557122523088,5.330630131251365,0.18733333333333335,0.14666666666666667,0.23669999999999997,0.8126666666666668,0.7713333333333333,0.856
duot5,DuoT5,loo_pointwise,explanation,deletion,1,150,1.0,2.4711793573697407,2.033574857354164,2.9297174187103905,2.4711793573697407,2.018321353693803,2.926699591318766,0.15333333333333332,0.1,0.21333333333333335,0.8466666666666667,0.78,0.9
duot5,DuoT5,loo_pointwise,explanation,deletion,3,150,3.0,3.0139577913284303,2.337697850505511,3.7324157826503117,3.632403270403544,3.004237778743108,4.310915661692619,0.26,0.19333333333333333,0.32666666666666666,0.74,0.6666666666666666,0.8068333333333332
duot5,DuoT5,loo_pointwise,explanation,deletion,5,150,5.0,2.9136867650349934,2.1465526114304865,3.706744867602984,4.077619190216065,3.504538064320882,4.673138504505157,0.31333333333333335,0.24,0.3933333333333333,0.6866666666666666,0.6066666666666667,0.7533333333333333
duot5,DuoT5,loo_pointwise,explanation,deletion,10,150,10.0,3.3028959131240843,2.4969933531681696,4.153397629062335,5.042205739021301,4.38441439084212,5.733354235450427,0.3933333333333333,0.32,0.48,0.6066666666666667,0.5266666666666666,0.6866666666666666
duot5,DuoT5,loo_pointwise,explanation,deletion,20,150,20.0,4.012076237996419,2.939458831469218,5.0625387112696965,5.901383762359619,5.141573788245519,6.5986826260884595,0.4866666666666667,0.4066666666666667,0.5666666666666667,0.5133333333333333,0.43333333333333335,0.5933333333333334
duot5,DuoT5,loo_pointwise,random,deletion,1,150,1.0,0.20779880015055338,0.1617329825083415,0.2608179432789485,0.20779880015055338,0.16361331060727438,0.25788258376916245,0.006666666666666668,0.0019833333333333348,0.012666666666666666,0.9933333333333333,0.9879999999999999,0.9986666666666667
duot5,DuoT5,loo_pointwise,random,deletion,3,150,3.0,0.5894995988210043,0.4925671419064204,0.6906076374053955,0.5923620929718019,0.4926984929283459,0.6996219163854916,0.019999999999999997,0.009333333333333332,0.034016666666666646,0.98,0.9659999999999999,0.9920000000000001
duot5,DuoT5,loo_pointwise,random,deletion,5,150,5.0,0.9110583041508992,0.7925036966681481,1.0525640954116982,0.9379773206710814,0.8023575191915034,1.0783518908838432,0.04733333333333333,0.026000000000000002,0.07133333333333333,0.9526666666666667,0.9280000000000002,0.9726666666666667
duot5,DuoT5,loo_pointwise,random,deletion,10,150,10.0,1.7484917302131653,1.5231018045425415,1.9988661865949633,1.8378077791531882,1.5937780129790304,2.1103582297007244,0.13133333333333333,0.09265,0.176,0.8686666666666666,0.82865,0.9073333333333334
duot5,DuoT5,loo_pointwise,random,deletion,20,150,20.0,2.99120507423083,2.5752133107165496,3.3942855996886894,3.2707418803373973,2.896770182561874,3.6792598090747983,0.24666666666666667,0.19731666666666667,0.30066666666666664,0.7533333333333333,0.6986499999999999,0.8026833333333334
duot5,DuoT5,pairwise_ig,explanation,deletion,1,150,1.0,0.6318478405475616,0.39435452670355636,0.9276760423431792,0.7966037992636362,0.5841474202175935,1.1001268170128267,0.03333333333333333,0.006666666666666667,0.06666666666666667,0.9666666666666667,0.9333333333333333,0.9933333333333333
duot5,DuoT5,pairwise_ig,explanation,deletion,3,150,3.0,1.6547939085960388,1.1561590624898672,2.2290430152664578,1.9336063385009765,1.457533156717817,2.4470801438788574,0.08666666666666667,0.04666666666666667,0.13333333333333333,0.9133333333333333,0.8666666666666667,0.96
duot5,DuoT5,pairwise_ig,explanation,deletion,5,150,5.0,3.0465807243188223,2.165136253381769,3.8818370245794456,3.2751017272472382,2.4637522099415463,4.13477830915153,0.14666666666666667,0.09333333333333334,0.20666666666666667,0.8533333333333334,0.7933333333333333,0.9066666666666666
duot5,DuoT5,pairwise_ig,explanation,deletion,10,150,10.0,4.666346244017283,3.591677306001385,5.859930510540803,4.867425104777018,3.898636512885491,5.882057308380802,0.20666666666666667,0.14,0.2733333333333333,0.7933333333333333,0.7266666666666667,0.8534999999999999
duot5,DuoT5,pairwise_ig,explanation,deletion,20,150,20.0,6.09599707365036,5.044555304969351,7.209103365371624,6.275724460283915,5.027302053719759,7.4607787655790645,0.26666666666666666,0.19333333333333333,0.34,0.7333333333333333,0.66,0.8001666666666666
duot5,DuoT5,pairwise_ig,random,deletion,1,150,1.0,0.043243540604909265,0.020261734316746393,0.06754800456662972,0.12291203963756563,0.10031486069162689,0.15039564580818016,0.004,0.0,0.011333333333333334,0.996,0.9886666666666667,1.0
duot5,DuoT5,pairwise_ig,random,deletion,3,150,3.0,0.12723576589425406,0.08624968465119599,0.17424812926848726,0.2642119022210439,0.21737009531110524,0.3201405529931187,0.008666666666666666,0.0013333333333333335,0.018000000000000002,0.9913333333333333,0.9820000000000001,0.9986666666666667
duot5,DuoT5,pairwise_ig,random,deletion,5,150,5.0,0.1655683381954829,0.1167985620309909,0.21993166884879273,0.3499603748321533,0.29484439903795717,0.4117896610369285,0.011333333333333332,0.004,0.022000000000000002,0.9886666666666666,0.9786666666666668,0.996
duot5,DuoT5,pairwise_ig,random,deletion,10,150,10.0,0.47762413779894514,0.35367526673053706,0.5972878818874557,0.7530139198899269,0.6313955081296463,0.8848889069949589,0.02666666666666667,0.012000000000000002,0.04466666666666667,0.9733333333333334,0.9553166666666667,0.9886833333333334
duot5,DuoT5,pairwise_ig,random,deletion,20,150,20.0,1.054925589422385,0.8190973378884296,1.3080535197407006,1.337603536248207,1.1146774921543896,1.5863777860723431,0.05266666666666667,0.030666666666666665,0.07866666666666668,0.9473333333333332,0.9199666666666667,0.9693333333333332
duot5,DuoT5,pointwise_ig,explanation,deletion,1,150,1.0,-0.1129179334640503,-0.5404001344045003,0.24054057498772935,1.0295940001805624,0.7206720484097799,1.3666605197588602,0.04666666666666667,0.02,0.08,0.9533333333333334,0.92,0.9866666666666667
duot5,DuoT5,pointwise_ig,explanation,deletion,3,150,3.0,0.1845165014266968,-0.33139683115482327,0.6443338400522867,1.5852144130071004,1.1897185118198395,1.9991492650906246,0.08,0.04,0.12666666666666668,0.92,0.8733333333333333,0.96
duot5,DuoT5,pointwise_ig,explanation,deletion,5,150,5.0,0.094973464012146,-0.5156435855627061,0.6484103533824285,2.0089222892125447,1.5902245196898777,2.4475047234694163,0.13333333333333333,0.08,0.18666666666666668,0.8666666666666667,0.8066666666666666,0.92
duot5,DuoT5,pointwise_ig,explanation,deletion,10,150,10.0,0.22217759668827056,-0.5492513214498759,0.9521936047077179,2.81412839670976,2.2810915049016476,3.424930669357379,0.14,0.08666666666666667,0.2,0.86,0.8,0.9133333333333333
duot5,DuoT5,pointwise_ig,explanation,deletion,20,150,20.0,-0.3898613278071086,-1.2273115753332775,0.44105647337436654,3.268795603116353,2.6724849870602294,3.8589952713648477,0.18666666666666668,0.12666666666666668,0.24683333333333318,0.8133333333333334,0.7466666666666667,0.8733333333333333
duot5,DuoT5,pointwise_ig,random,deletion,1,150,1.0,0.02736308034261068,0.00313177310625712,0.05518612263202666,0.17421437644958496,0.13915073899428052,0.21701029929320018,0.008666666666666666,0.0020000000000000005,0.016666666666666666,0.9913333333333333,0.9826666666666667,0.9973333333333333
duot5,DuoT5,pointwise_ig,random,deletion,3,150,3.0,0.05889529315630594,-0.013771123959620794,0.130582761412859,0.43866454720497133,0.35941262345314023,0.5236954048713048,0.02,0.011333333333333332,0.030016666666666657,0.98,0.9686666666666668,0.9893333333333332
duot5,DuoT5,pointwise_ig,random,deletion,5,150,5.0,0.15414507365226748,0.03792145510117212,0.27483670568863544,0.6161509622732798,0.51402633416454,0.7356047813077767,0.03,0.018000000000000002,0.043333333333333335,0.97,0.9566666666666667,0.9820000000000001
duot5,DuoT5,pointwise_ig,random,deletion,10,150,10.0,0.09341088296969728,-0.11064025543630124,0.27177556090354915,1.0933297015627226,0.8981868893325329,1.3176925443927445,0.05866666666666667,0.03933333333333334,0.08001666666666665,0.9413333333333332,0.9186500000000001,0.9613333333333335
duot5,DuoT5,pointwise_ig,random,deletion,20,150,20.0,0.18373247238000237,-0.14145690755049395,0.43599151140948145,1.7066613472302754,1.460850265261531,1.987829745022456,0.112,0.07733333333333334,0.14666666666666667,0.8879999999999999,0.8533333333333334,0.9206666666666666
duot5,DuoT5,loo_pairwise,explanation,preservation,1,150,1.0,15.044924575090409,13.80907622280717,16.167082355633376,15.421785362958907,14.401231162483493,16.448692634587488,0.7733333333333333,0.7,0.84,0.22666666666666666,0.16666666666666666,0.29333333333333333
duot5,DuoT5,loo_pairwise,explanation,preservation,3,150,3.0,8.861220286289852,7.529378372773529,10.231087219004829,9.94363412896792,8.762006904572248,11.13595610396564,0.38666666666666666,0.31333333333333335,0.4666666666666667,0.6133333333333333,0.5331666666666667,0.6866666666666666
duot5,DuoT5,loo_pairwise,explanation,preservation,5,150,5.0,5.693701121409734,4.3428442183732985,7.020076299190521,7.5631180826822915,6.5812025667826335,8.659573119123777,0.24,0.17983333333333335,0.30666666666666664,0.76,0.6866666666666666,0.8266666666666667
duot5,DuoT5,loo_pairwise,explanation,preservation,10,150,10.0,1.1714523780345916,0.0913042850693067,2.3653911626090607,4.880369826555252,4.038029653504491,5.68630847120285,0.11333333333333333,0.06666666666666667,0.16666666666666666,0.8866666666666667,0.8333333333333334,0.9333333333333333
duot5,DuoT5,loo_pairwise,explanation,preservation,20,150,20.0,-1.1846753036975861,-2.1330850959420204,-0.17303314773738385,4.038224548896154,3.2721848813196024,4.84781143047909,0.09333333333333334,0.05333333333333334,0.14,0.9066666666666666,0.8533333333333334,0.9533333333333334
duot5,DuoT5,loo_pairwise,random,preservation,1,150,1.0,19.910695270816486,19.168354909239213,20.574196210752923,19.927517709294957,19.18707239824931,20.674220142446956,0.9446666666666665,0.91,0.9726666666666666,0.05533333333333334,0.02866666666666667,0.08933333333333333
duot5,DuoT5,loo_pairwise,random,preservation,3,150,3.0,18.815762851397196,18.03443351553182,19.512644132836662,18.898377662499744,18.154843811967968,19.633729071755212,0.9006666666666668,0.86865,0.9286666666666668,0.09933333333333333,0.07331666666666667,0.12935
duot5,DuoT5,loo_pairwise,random,preservation,5,150,5.0,17.150807245254516,16.34869915566444,17.915923214331272,17.415244621396063,16.642846180116134,18.187634772409,0.8193333333333331,0.7893333333333334,0.8453666666666667,0.18066666666666664,0.15333333333333332,0.20866666666666667
duot5,DuoT5,loo_pairwise,random,preservation,10,150,10.0,13.088134178638459,12.183131335097551,14.066402666716776,13.930471402565638,13.190475078445672,14.72873680003186,0.6126666666666667,0.578,0.64735,0.38733333333333336,0.354,0.42266666666666663
duot5,DuoT5,loo_pairwise,random,preservation,20,150,20.0,6.455405351320903,5.356935401986043,7.589103029675283,8.78828944035371,8.007522456929086,9.537442750869195,0.34266666666666673,0.30533333333333335,0.38666666666666666,0.6573333333333333,0.6113333333333334,0.7
duot5,DuoT5,loo_pointwise,explanation,preservation,1,150,1.0,1.890158584912618,0.6619748280843099,3.223510237534841,6.470127879778544,5.684178951978684,7.236755006074905,0.32666666666666666,0.24666666666666667,0.4066666666666667,0.6733333333333333,0.5933333333333334,0.7466666666666667
duot5,DuoT5,loo_pointwise,explanation,preservation,3,150,3.0,1.138498547077179,-0.28299380820989606,2.6671627191305163,7.609792694250743,6.728111417313417,8.440859927217165,0.34,0.2733333333333333,0.41333333333333333,0.66,0.58,0.7268333333333332
duot5,DuoT5,loo_pointwise,explanation,preservation,5,150,5.0,0.4942370351155599,-0.8785652062892914,1.9716552337805415,7.225962441762288,6.441865569035212,8.02984197338422,0.29333333333333333,0.22666666666666666,0.3668333333333332,0.7066666666666667,0.6333333333333333,0.7733333333333333
duot5,DuoT5,loo_pointwise,explanation,preservation,10,150,10.0,-1.932076810201009,-3.1581673030058544,-0.7292509115934372,6.542255004247029,5.753477722326914,7.319112439592679,0.24666666666666667,0.18,0.32,0.7533333333333333,0.6866666666666666,0.82
duot5,DuoT5,loo_pointwise,explanation,preservation,20,150,20.0,-4.980540580749512,-5.977771064440409,-3.993368945121765,6.271020825703939,5.452569346268971,7.065117848714192,0.19333333333333333,0.14,0.26,0.8066666666666666,0.7466666666666667,0.8666666666666667
duot5,DuoT5,loo_pointwise,random,preservation,1,150,1.0,3.1323792711893717,2.335344442367554,3.9638808570861817,4.933871401468912,4.350824454442659,5.46427296025753,0.45866666666666656,0.42066666666666674,0.49799999999999994,0.5413333333333334,0.5006499999999999,0.5826666666666666
duot5,DuoT5,loo_pointwise,random,preservation,3,150,3.0,2.4217268066406255,1.5445895130793255,3.2252096625248585,5.25060258102417,4.808227802586556,5.782063895901044,0.42933333333333334,0.3939833333333333,0.4679999999999999,0.5706666666666667,0.5339999999999999,0.6079999999999999
duot5,DuoT5,loo_pointwise,random,preservation,5,150,5.0,1.5008298025131224,0.647464865966638,2.357461233603954,5.706822623570761,5.278406174858411,6.133362900416056,0.3773333333333333,0.34331666666666666,0.41468333333333335,0.6226666666666666,0.5893166666666666,0.66135
duot5,DuoT5,loo_pointwise,random,preservation,10,150,10.0,-0.12171650473276775,-1.0561004195491475,0.7083982757449148,6.215618347167968,5.803284710053604,6.619597721846898,0.35133333333333333,0.30796666666666667,0.40135000000000004,0.6486666666666667,0.6039833333333333,0.6966833333333333
duot5,DuoT5,loo_pointwise,random,preservation,20,150,20.0,-2.4325114561716714,-3.2971180491606393,-1.57770664498806,6.2398734511137,5.717847206163406,6.813614719505111,0.2806666666666666,0.23600000000000004,0.3300833333333333,0.7193333333333334,0.6693166666666667,0.7666833333333334
duot5,DuoT5,pairwise_ig,explanation,preservation,1,150,1.0,18.33524294734001,17.3968367985785,19.21285984215637,18.33524294734001,17.447856398448348,19.22617323990663,0.9333333333333333,0.8933333333333333,0.9733333333333334,0.06666666666666667,0.03333333333333333,0.10666666666666667
duot5,DuoT5,pairwise_ig,explanation,preservation,3,150,3.0,14.704775040547053,13.71814017546177,15.77584357013305,14.729720153411229,13.754358024463057,15.72933566413323,0.72,0.6466666666666666,0.7866666666666666,0.28,0.21333333333333335,0.35333333333333333
duot5,DuoT5,pairwise_ig,explanation,preservation,5,150,5.0,11.787086270252864,10.579849636937182,12.97774353949229,12.20545160929362,11.1248551312536,13.322986103584368,0.54,0.46,0.6133333333333333,0.46,0.38,0.54
duot5,DuoT5,pairwise_ig,explanation,preservation,10,150,10.0,7.658235716422399,6.374483547354738,8.920719858914614,8.877884849707286,7.917245168546836,9.92594680288434,0.37333333333333335,0.3,0.44666666666666666,0.6266666666666667,0.5466666666666666,0.7
duot5,DuoT5,pairwise_ig,explanation,preservation,20,150,20.0,3.6877928253014884,2.508593135913213,4.9155866650491955,5.8675732636451725,4.912528824359179,6.867986594845851,0.21333333333333335,0.14666666666666667,0.28,0.7866666666666666,0.72,0.8533333333333334
duot5,DuoT5,pairwise_ig,random,preservation,1,150,1.0,20.11822939531008,19.371626542079447,20.835493541642027,20.12017418106397,19.36312608303527,20.831172594737012,0.9586666666666668,0.926,0.9866666666666667,0.04133333333333333,0.014666666666666668,0.074
duot5,DuoT5,pairwise_ig,random,preservation,3,150,3.0,19.71782136940956,19.03617201076646,20.443555351979537,19.72921506623427,18.985602774418396,20.38961780653596,0.9440000000000002,0.9093333333333333,0.9719999999999999,0.056,0.028,0.08866666666666666
duot5,DuoT5,pairwise_ig,random,preservation,5,150,5.0,18.78603621379534,18.051544011402132,19.517494387755796,18.843870139400163,18.072059305776158,19.563658151979247,0.9093333333333333,0.8746666666666666,0.9380000000000002,0.09066666666666666,0.062000000000000006,0.12334999999999999
duot5,DuoT5,pairwise_ig,random,preservation,10,150,10.0,16.55257308769226,15.622259062771006,17.419516930918892,16.795333252787586,15.983852937745056,17.598102947852013,0.7866666666666666,0.74865,0.8193499999999999,0.21333333333333335,0.17800000000000002,0.24935000000000002
duot5,DuoT5,pairwise_ig,random,preservation,20,150,20.0,11.67159571091334,10.728166979815562,12.757527049223583,12.730943251331649,11.977212233639758,13.516527499208848,0.552,0.5133333333333333,0.594,0.448,0.412,0.4860166666666667
duot5,DuoT5,pointwise_ig,explanation,preservation,1,150,1.0,4.1166412576039635,3.248525589307149,4.950756797631581,5.313781334559123,4.643589281638463,6.010600665012995,0.5066666666666667,0.4266666666666667,0.5866666666666667,0.49333333333333335,0.41333333333333333,0.5733333333333334
duot5,DuoT5,pointwise_ig,explanation,preservation,3,150,3.0,5.13380334854126,3.9790872705777485,6.2413302713235215,6.734694112141927,5.868770802974701,7.559041739781698,0.5466666666666666,0.4666666666666667,0.62,0.4533333333333333,0.3731666666666667,0.5266666666666666
duot5,DuoT5,pointwise_ig,explanation,preservation,5,150,5.0,5.742048266728719,4.546504542509715,7.080787568966547,7.666457891464233,6.732648863633473,8.716397443930306,0.54,0.4665,0.6133333333333333,0.46,0.38666666666666666,0.5466666666666666
duot5,DuoT5,pointwise_ig,explanation,preservation,10,150,10.0,5.7178398132324215,4.450220333337784,7.023487169504166,8.462346254984539,7.600480636835099,9.358357044219971,0.5066666666666667,0.43333333333333335,0.5866666666666667,0.49333333333333335,0.4066666666666667,0.5733333333333334
duot5,DuoT5,pointwise_ig,explanation,preservation,20,150,20.0,4.421510735352834,2.9934091250101726,5.747504743436972,8.286810557842255,7.469068858305613,9.178535517573355,0.42,0.3398333333333334,0.49333333333333335,0.58,0.5065000000000001,0.66
duot5,DuoT5,pointwise_ig,random,preservation,1,150,1.0,3.5408465576171877,2.772809378099442,4.307403052743276,4.818678939819336,4.184122565817832,5.455345834191641,0.48133333333333334,0.4393166666666667,0.5240499999999999,0.5186666666666665,0.47331666666666666,0.5606666666666666
duot5,DuoT5,pointwise_ig,random,preservation,3,150,3.0,3.5345106674830116,2.7318033380548163,4.302706934305032,5.214324951171875,4.6363264298240345,5.789881765127182,0.46,0.42600000000000005,0.49666666666666665,0.54,0.504,0.5760333333333334
duot5,DuoT5,pointwise_ig,random,preservation,5,150,5.0,3.4003893043200173,2.532964997041226,4.2758549268722525,5.729720322450002,5.181095966351032,6.293419805268447,0.4726666666666667,0.4373333333333334,0.5106666666666666,0.5273333333333333,0.49133333333333346,0.5633500000000001
duot5,DuoT5,pointwise_ig,random,preservation,10,150,10.0,3.365385073582332,2.4175371704320114,4.300045517696937,6.481610708475113,5.8892676493565235,7.014706401278575,0.4553333333333333,0.4126666666666667,0.4973333333333333,0.5446666666666666,0.5013166666666666,0.5860166666666667
duot5,DuoT5,pointwise_ig,random,preservation,20,150,20.0,2.500636453668277,1.3372899095962445,3.6851354088097805,7.135327186306317,6.579100147873163,7.698050060898065,0.42066666666666663,0.3673166666666666,0.472,0.5793333333333334,0.5299666666666667,0.6267166666666667
