qid,query
1001108,where the chromosomes are moving towards the poles of the cell
1009183,what's the difference between c++ and java
1009742,what's a pollinator
1010700,which hotel did jfk propose to jackie
1012865,what was enoch brown school massacre?
1020244,what skills i need for marine biology
1022762,which vitamins are important
1022769,what percentage of americans are either overweight or obese? quizlet
1024904,what medications are prescribed for vasculitis
102627,cost of attending kennesaw state university
1029772,what is the zip code in arrowhead lakes
1034587,cures that work for mites on dogs homemade
1037250,what is the lunar regolith quizlet
1041951,what is the cytokine
1042978,what is the clearinghouse
1043064,what is the chemical formula for oxygen tetrafluoride?
1043568,what is the bryozoans
1047162,what is resi
1047642,what is ptztv
1051223,what is menhir
1057139,what is database software? quizlet
1057270,who were marilyn monroe's friends
1060391,what is barbra streisand net worth
1064529,what is adipocere
1064808,what is acantholysis
1068290,what is a realpolitik
1070452,what is a mimo receiver
1070546,what is a meta analysis vs literature review
1071198,what is a lobster roll?
1072479,what is a gui|
1074995,what is a cyclin
1079340,what happens during a docket call in court
1082701,what does the name yamil mean
1083933,what does doctype mean
1086266,what causes a burning sensation in my ankle
1087317,what are signs of anxiety in your chest
1087484,what are mofongo
1087870,what age was martin luther king when he was admitted
1087904,what age do moles appear
1091973,benson radiology
1092259,need number for paypal
1092930,meaning of the word gank
1093757,jo boaler what is number sense
1096118,how much does grimace
1096360,how much did made star trek beyond gross
1096376,how much damage harvey
1096543,how many warheads does a peacekeeper have
1096739,how many pounds of fat can you lose in a week
1097023,how many inches are in a yard and what is
1097999,how long is a chinese visa valid
1099451,as scarce as hen's teeth meaning
1100010,hemelse modder
1101721,amount of db loss allowed in single mode cable
1101871,william jones npi number
133977,definition of dignity for kids
134239,definition of electric field
153794,"distance in miles pittsburgh, pa to new york"
170982,does risperidone cause weight gain
185879,fec independent expenditure definition
187186,fingers carpal tunnel symptoms
196250,government of canada logo
200062,health services administration salary
23285,are land grading costs deductible
244011,how long do I bake skinless seared chicken breast at 350
275355,how many best western points for free night
276208,how many calories burn during swimming
276338,how many calories do you burn by dancing?
277556,how many calories in mahi mahi
278542,how many carbs in a quest bar
29612,auger defined
307521,how much do target cashiers make
319564,how much fiber is in carrots
339981,how soon to plant after using roundup
392393,ignis price in india
400692,is a presynaptic neuron is stimulated
404202,is betadine and iodine the same
407131,is copper one of the metals needed by human body
408427,is distance mm
420673,is peppermint good for diarrhea
422955,is sadie a nickname
423608,is shawshank redemption on netflix
440802,list of foods that cause diarrhea
45924,average temperatures las vegas by month
489257,rigorous testing definition
505152,suicide squad squad cast
508316,symptoms of ocd
521851,"title character in mt, robot"
525868,two rivers supervisory union
548099,wellcare mike vice president
556952,what are comps?
559009,what are foragers
559709,what are guitar plectrums
563359,what are platitudes
565231,what are some causes of vertigo
569674,what are the factors in a marketing mix?
583766,what cause elevated liver enzymes
585806,"what causes bloating ,high blood pressure, and constipation"
595577,what cities allow pit bulls
605648,what county is emigrant mt in
610056,what county is naples fl
633375,what does bogue mean?
635044,what does contract and expand mean
635647,what does debt to gdp ratio tell us
637459,what does fdg mean
645604,what does phyto mean
648119,what does sni mean
655046,what does wearing a wedding gown in a dream mean?
669979,what ibn means crossword
679878,what is a cross liability clause in insurance
681944,what is a double acrostic puzzle
687375,what is a hydromyelia
689223,what is a lisp?
692494,what is a nigerian maggot
709560,what is all in basic metabolic panel
722413,what is barron
725047,what is bobtail?
727837,what is cardamom used for
738484,what is dendrochronology
743708,what is emulation
747937,what is floof
763878,what is kyc?
766272,what is lispro
768411,what is mapanything?
771239,what is mesh size of dura mesh pool safety covers for inground pools
790536,what is relaxation training techniques
792688,what is rthdvbg
806574,what is the average monthly car insurance estimate
81993,cannot delete partition
839137,what is the phantom zone
85053,causes for swollen ankle
865660,what job can you get with a degree in art education
8854,________ disparity refers to the slightly different view of the world that each eye receives.cyclopeanbinocularmonoculartrichromatic
895932,what sizes do bar stools come in
912234,what type of fire extinguisher is best for electrical equipment
929046,what years were total eclipses in the past
930721,what's monogamy
938140,when did disney make beauty and the beast
942651,when did they start putting seat belts in cars
948532,when does transformers the last knight is coming out
986972,where is luton
988119,who played alicia on the big bang theory
988124,definition of lu
989108,where is new hope alabama
991342,who is amandla stenberg
992433,white pine millings in wv
995125,where is the condyle
99556,copperhead snake bite effects
998609,where is macy's westfield valley fair
998675,where is lewisburg
998965,definition diagram
